id,first_name,last_name,email,gender,ip_address
1,Marven,Brittoner,mbrittoner0@miitbeian.gov.cn,Male,144.157.37.194
2,Joelly,Koppelmann,jkoppelmann1@icio.us,Female,131.108.148.193
3,Ferguson,De'Vere - Hunt,fdeverehunt2@ox.ac.uk,Male,176.52.109.67
4,Cullan,Shorter,cshorter3@netscape.com,Male,227.16.215.169
5,Lonny,Kleinlerer,lkleinlerer4@livejournal.com,Male,89.53.202.46
6,Maggie,Tomaszynski,mtomaszynski5@washingtonpost.com,Female,3.247.6.124
7,Laurie,Newbury,lnewbury6@cisco.com,Male,225.152.35.146
8,Amelia,Hrachovec,ahrachovec7@dmoz.org,Female,199.242.219.164
9,Leisha,Adger,ladger8@wiley.com,Female,37.246.92.114
10,Bowie,Hanway,bhanway9@yahoo.com,Male,208.98.113.242
11,Leupold,Aprahamian,laprahamiana@prnewswire.com,Male,127.210.167.52
12,Abbi,Skivington,askivingtonb@salon.com,Female,86.158.253.238
13,Berk,Marczyk,bmarczykc@pcworld.com,Genderfluid,111.23.143.205
14,Halsy,Willars,hwillarsd@trellian.com,Male,235.167.253.21
15,Hyacinthia,Dumbleton,hdumbletone@ning.com,Female,209.183.203.9
16,Anestassia,Purle,apurlef@dmoz.org,Female,218.128.103.72
17,Mackenzie,Mapples,mmapplesg@java.com,Polygender,68.211.89.178
18,Elizabeth,Vallentine,evallentineh@hugedomains.com,Female,78.209.54.129
19,Gustavo,Giacovazzo,ggiacovazzoi@phoca.cz,Male,33.130.70.132
20,Madelaine,Eyre,meyrej@example.com,Female,23.8.118.168
21,Ellene,Rippin,erippink@blogger.com,Female,63.227.0.244
22,Brandie,Winteringham,bwinteringhaml@comsenz.com,Female,184.136.201.101
23,Kitty,Lordon,klordonm@upenn.edu,Female,131.156.6.123
24,Nicolas,Balwin,nbalwinn@businesswire.com,Male,132.5.104.250
25,Angie,Peotz,apeotzo@paginegialle.it,Female,37.75.61.13
26,Ermin,Josovitz,ejosovitzp@china.com.cn,Male,97.195.134.209
27,Tabby,Bartosch,tbartoschq@netvibes.com,Female,192.26.107.255
28,Pascal,McKerron,pmckerronr@miibeian.gov.cn,Male,133.172.144.118
29,Lin,Pavlitschek,lpavlitscheks@wikispaces.com,Female,49.75.83.136
30,Abram,Linsay,alinsayt@livejournal.com,Male,81.86.40.13
31,Payton,Becarra,pbecarrau@indiegogo.com,Bigender,102.23.219.64
32,Silva,Peacey,speaceyv@opensource.org,Female,196.236.237.182
33,Tonnie,Hug,thugw@amazonaws.com,Male,248.51.49.24
34,Eric,Biggadike,ebiggadikex@xinhuanet.com,Male,40.89.215.194
35,Lincoln,Ropp,lroppy@sun.com,Male,110.252.131.198
36,Angelina,Lifton,aliftonz@nationalgeographic.com,Female,242.223.45.68
37,Cecilla,Jemmison,cjemmison10@auda.org.au,Bigender,190.163.3.229
38,Malchy,Brannigan,mbrannigan11@mtv.com,Male,77.34.238.247
39,Dan,Hegg,dhegg12@bluehost.com,Male,92.210.98.164
40,Barbette,Boughtflower,bboughtflower13@washingtonpost.com,Agender,44.151.76.29
41,Etheline,Crosse,ecrosse14@dell.com,Female,95.57.29.54
42,Robinet,Sollas,rsollas15@irs.gov,Female,158.228.197.242
43,Fairfax,Bawcock,fbawcock16@hp.com,Male,69.158.211.224
44,Taddeusz,Christal,tchristal17@hibu.com,Male,38.176.154.113
45,Mallory,Dottrell,mdottrell18@go.com,Female,150.219.18.188
46,Petronella,Dellow,pdellow19@hhs.gov,Female,15.17.99.96
47,Leonerd,Nesby,lnesby1a@toplist.cz,Male,174.167.125.92
48,Clemens,Eggins,ceggins1b@discuz.net,Polygender,74.89.222.123
49,Fay,Englishby,fenglishby1c@archive.org,Female,89.101.104.253
50,Devland,Woodstock,dwoodstock1d@dot.gov,Male,43.168.232.122
51,Friedrick,Ramble,framble1e@wikimedia.org,Male,194.71.54.221
52,Brit,Dencs,bdencs1f@joomla.org,Female,184.16.35.27
53,Westley,Flynn,wflynn1g@oakley.com,Non-binary,229.49.193.249
54,Paco,Klain,pklain1h@myspace.com,Male,123.215.24.161
55,Derrek,Khomishin,dkhomishin1i@cargocollective.com,Male,69.137.107.40
56,Minette,Ashley,mashley1j@globo.com,Female,161.241.67.148
57,Hubert,Figiovanni,hfigiovanni1k@kickstarter.com,Male,154.144.248.85
58,Petey,Bonson,pbonson1l@booking.com,Male,118.137.241.150
59,Zackariah,Deinert,zdeinert1m@vk.com,Male,69.15.208.242
60,Stearne,Branche,sbranche1n@china.com.cn,Male,199.143.59.181
61,Devonne,Curnnokk,dcurnnokk1o@hubpages.com,Female,97.117.135.65
62,Mada,Salazar,msalazar1p@yelp.com,Female,225.72.248.144
63,Briano,Laden,bladen1q@yellowbook.com,Male,34.249.247.106
64,Dorena,Antonowicz,dantonowicz1r@woothemes.com,Female,71.56.98.251
65,Xylia,Harwin,xharwin1s@ask.com,Female,229.109.30.14
66,Ryley,Mohammed,rmohammed1t@booking.com,Male,160.130.149.92
67,Chrissie,Gleed,cgleed1u@alibaba.com,Female,200.142.168.27
68,Fidelia,Hay,fhay1v@arstechnica.com,Genderfluid,38.132.55.150
69,Andrea,Oag,aoag1w@nyu.edu,Female,148.24.185.227
70,Merell,Rigolle,mrigolle1x@vistaprint.com,Male,37.48.112.199
71,Angelo,Gudgen,agudgen1y@wp.com,Male,123.67.57.68
72,Elijah,Blackboro,eblackboro1z@fema.gov,Male,167.60.159.105
73,Marnia,Grebner,mgrebner20@spotify.com,Female,251.173.248.173
74,Kipp,Newing,knewing21@goo.ne.jp,Male,244.249.32.104
75,Britt,Stonuary,bstonuary22@nsw.gov.au,Male,152.135.147.158
76,Guinevere,Schonfelder,gschonfelder23@google.cn,Female,23.1.76.79
77,Alric,Cawood,acawood24@salon.com,Male,235.127.229.21
78,Daryle,Hatchell,dhatchell25@zimbio.com,Male,126.203.173.59
79,Janella,Lambertazzi,jlambertazzi26@topsy.com,Female,251.49.251.220
80,Carmelita,Sinnocke,csinnocke27@pagesperso-orange.fr,Female,193.57.185.47
81,Merrill,Easman,measman28@tiny.cc,Male,215.106.20.25
82,Twila,Mynett,tmynett29@hud.gov,Female,123.36.169.199
83,Muire,Offen,moffen2a@youtube.com,Female,137.248.82.88
84,Austine,Stanning,astanning2b@instagram.com,Female,248.16.28.10
85,Werner,Roglieri,wroglieri2c@google.de,Male,205.192.118.20
86,Wendall,Veryard,wveryard2d@who.int,Male,30.29.2.38
87,Clary,Hellis,chellis2e@ted.com,Female,246.248.41.160
88,Damian,Thewles,dthewles2f@comsenz.com,Male,177.251.98.8
89,Debera,Echalier,dechalier2g@mozilla.com,Female,78.212.106.108
90,Winn,O'Driscoll,wodriscoll2h@forbes.com,Male,101.40.125.9
91,Fee,Guilfoyle,fguilfoyle2i@xing.com,Male,111.198.218.175
92,Maggee,Ferreri,mferreri2j@slate.com,Female,199.188.68.28
93,Rollie,Greedier,rgreedier2k@accuweather.com,Male,125.13.170.118
94,Christie,Pickover,cpickover2l@latimes.com,Female,181.51.33.66
95,Niel,Billingsley,nbillingsley2m@amazon.com,Male,97.187.140.120
96,Heddie,Ebben,hebben2n@nbcnews.com,Female,100.168.191.217
97,Ralph,Levett,rlevett2o@oaic.gov.au,Male,223.109.121.82
98,Verge,Brody,vbrody2p@sina.com.cn,Male,162.7.71.249
99,Haven,Bowkett,hbowkett2q@mapy.cz,Male,15.120.97.31
100,Regan,Gilliam,rgilliam2r@blog.com,Male,221.73.36.53
101,Dulcine,Veillard,dveillard2s@sohu.com,Female,110.145.18.143
102,Phillis,Bellefonte,pbellefonte2t@wikispaces.com,Female,134.72.101.140
103,Derick,Finnigan,dfinnigan2u@paginegialle.it,Male,76.143.187.180
104,Vance,Clarridge,vclarridge2v@usatoday.com,Male,44.102.69.123
105,Bathsheba,Peddie,bpeddie2w@fda.gov,Genderfluid,31.16.19.158
106,Perri,Chastand,pchastand2x@ustream.tv,Female,91.38.120.24
107,Gale,Scrammage,gscrammage2y@facebook.com,Female,52.21.227.186
108,Silvano,Grugerr,sgrugerr2z@cloudflare.com,Male,14.169.78.162
109,Amalle,Weildish,aweildish30@youtube.com,Agender,223.163.123.187
110,Tull,Meake,tmeake31@jimdo.com,Male,98.11.20.156
111,Glynn,Costen,gcosten32@psu.edu,Male,242.31.160.48
112,Carilyn,Turrell,cturrell33@comcast.net,Female,175.142.50.113
113,Giles,Neads,gneads34@nationalgeographic.com,Male,191.241.131.124
114,Karole,Redsull,kredsull35@zimbio.com,Female,103.186.39.18
115,Rob,Steere,rsteere36@yellowbook.com,Male,195.162.7.164
116,Shepperd,Vannucci,svannucci37@naver.com,Male,146.178.88.21
117,Hali,Knapp,hknapp38@moonfruit.com,Female,170.147.221.214
118,Cherida,Joule,cjoule39@elpais.com,Female,255.115.39.42
119,Claiborne,Burle,cburle3a@senate.gov,Male,184.18.199.27
120,Arte,Jedrychowski,ajedrychowski3b@skype.com,Male,71.214.87.74
121,Frankie,Teideman,fteideman3c@uiuc.edu,Male,27.133.58.27
122,Shirl,Degli Abbati,sdegliabbati3d@omniture.com,Female,169.168.252.28
123,Genevieve,Denziloe,gdenziloe3e@apple.com,Female,175.190.252.202
124,Dur,Parres,dparres3f@digg.com,Male,199.112.161.55
125,Janet,Widdowfield,jwiddowfield3g@plala.or.jp,Female,65.233.98.254
126,Ingelbert,Demogeot,idemogeot3h@spotify.com,Male,24.242.249.223
127,Meriel,Camplejohn,mcamplejohn3i@wordpress.org,Female,238.210.149.161
128,Dud,Verrell,dverrell3j@ebay.co.uk,Male,80.192.89.67
129,Briano,Gainsbury,bgainsbury3k@icio.us,Male,227.196.163.165
130,Adore,Tredinnick,atredinnick3l@shutterfly.com,Female,128.228.8.22
131,Ingram,Wehnerr,iwehnerr3m@mit.edu,Male,125.199.185.74
132,Garland,Aikin,gaikin3n@csmonitor.com,Female,59.127.181.247
133,Adolpho,Goreisr,agoreisr3o@com.com,Male,107.49.104.177
134,Harriott,Letchmore,hletchmore3p@xing.com,Female,76.64.153.120
135,Ambrosi,Buxam,abuxam3q@dell.com,Male,186.153.223.99
136,Constantino,McKeller,cmckeller3r@archive.org,Male,202.30.72.79
137,Pen,Head,phead3s@harvard.edu,Female,155.211.77.104
138,Larissa,Cristofanini,lcristofanini3t@shop-pro.jp,Female,185.184.98.219
139,Cairistiona,Crusham,ccrusham3u@wikispaces.com,Female,177.148.224.53
140,Georgeta,Ruddin,gruddin3v@digg.com,Female,34.219.165.230
141,Udall,Poor,upoor3w@wsj.com,Male,93.233.13.184
142,Amie,Tharme,atharme3x@devhub.com,Female,81.135.234.134
143,Livvy,Braine,lbraine3y@eventbrite.com,Female,77.191.229.197
144,Myles,Dupey,mdupey3z@icq.com,Male,56.243.82.169
145,Goldi,Cox,gcox40@linkedin.com,Female,172.136.61.109
146,Graham,Earpe,gearpe41@prweb.com,Male,5.73.233.2
147,Iago,Pikett,ipikett42@wikipedia.org,Male,137.225.164.13
148,Inga,Beddingham,ibeddingham43@symantec.com,Female,84.244.169.148
149,Siffre,Berrisford,sberrisford44@naver.com,Male,128.90.228.218
150,Giffy,Blais,gblais45@networksolutions.com,Male,76.144.55.52
151,Janek,Lawler,jlawler46@theatlantic.com,Male,123.36.122.245
152,Ashlin,Alvey,aalvey47@admin.ch,Male,220.138.55.197
153,Marita,Portam,mportam48@blogtalkradio.com,Female,44.20.164.124
154,Stavros,Derricoat,sderricoat49@google.cn,Male,243.127.80.236
155,Miriam,Hars,mhars4a@hc360.com,Female,225.128.13.242
156,Derwin,Tilt,dtilt4b@friendfeed.com,Male,130.108.8.22
157,Roanne,Schuh,rschuh4c@moonfruit.com,Female,21.229.147.38
158,Linzy,Crisall,lcrisall4d@jiathis.com,Female,212.81.243.98
159,Oralie,Lanchbury,olanchbury4e@ft.com,Female,146.38.120.74
160,Caryl,Parchment,cparchment4f@csmonitor.com,Male,67.53.143.27
161,David,Van Dijk,dvandijk4g@360.cn,Male,214.178.45.154
162,Burty,Deller,bdeller4h@com.com,Male,57.11.161.148
163,Barbra,Harfoot,bharfoot4i@eepurl.com,Female,110.59.170.7
164,Teodor,Kinnach,tkinnach4j@wsj.com,Male,22.69.113.44
165,Jonis,Cornbill,jcornbill4k@t-online.de,Female,99.140.172.96
166,Lynsey,Bew,lbew4l@edublogs.org,Female,150.146.213.190
167,Lesley,Nairy,lnairy4m@dmoz.org,Female,217.135.113.212
168,Sig,MacLeod,smacleod4n@mozilla.org,Polygender,232.115.3.6
169,Genvieve,Houlaghan,ghoulaghan4o@narod.ru,Female,182.155.121.161
170,Aksel,Burdess,aburdess4p@wufoo.com,Genderfluid,28.62.44.51
171,Bondy,Daintier,bdaintier4q@tiny.cc,Male,219.5.225.237
172,Carolyne,Wigan,cwigan4r@chicagotribune.com,Female,33.8.126.2
173,Saba,O'Nions,sonions4s@e-recht24.de,Female,167.82.64.229
174,Jacquelynn,Legges,jlegges4t@uiuc.edu,Female,5.165.78.142
175,Neils,Akeherst,nakeherst4u@printfriendly.com,Polygender,150.72.96.220
176,Uri,Chessil,uchessil4v@narod.ru,Male,209.61.173.30
177,Darda,Yushkov,dyushkov4w@cbsnews.com,Female,141.85.10.123
178,Selma,Froude,sfroude4x@si.edu,Female,197.60.233.72
179,Winny,Daouse,wdaouse4y@economist.com,Male,216.224.165.145
180,Edgard,Sheepy,esheepy4z@booking.com,Male,114.159.252.229
181,Judas,Whalebelly,jwhalebelly50@whitehouse.gov,Male,50.32.177.228
182,Abey,Ciccoloi,aciccoloi51@squidoo.com,Male,128.80.76.59
183,Tully,Iskow,tiskow52@cnn.com,Male,59.166.13.159
184,Alecia,de Keep,adekeep53@comcast.net,Female,216.175.51.236
185,Jaymee,Bazoche,jbazoche54@go.com,Female,218.51.245.143
186,Oralla,Stenson,ostenson55@ustream.tv,Female,213.254.23.85
187,Janean,McGilbon,jmcgilbon56@economist.com,Female,32.209.86.59
188,Sileas,Mendez,smendez57@telegraph.co.uk,Female,29.162.21.117
189,Denna,Harroway,dharroway58@salon.com,Polygender,203.98.142.219
190,Jordanna,Raynton,jraynton59@artisteer.com,Genderqueer,244.225.236.186
191,Wilhelmina,Fullwood,wfullwood5a@blogger.com,Female,57.178.3.187
192,Meredithe,Renzo,mrenzo5b@nba.com,Female,15.37.229.170
193,Sander,Brogioni,sbrogioni5c@ycombinator.com,Bigender,2.205.95.171
194,Hedi,Dragonette,hdragonette5d@amazon.co.jp,Female,252.119.226.197
195,Tomasina,Tadd,ttadd5e@studiopress.com,Female,110.126.131.45
196,Derward,Carmo,dcarmo5f@jiathis.com,Male,217.154.5.249
197,Evin,Denisot,edenisot5g@posterous.com,Male,212.87.216.97
198,Stephen,Cram,scram5h@vkontakte.ru,Male,62.60.64.165
199,Jodi,Leonards,jleonards5i@123-reg.co.uk,Male,75.175.47.48
200,Pietrek,Gadson,pgadson5j@drupal.org,Male,67.98.97.242
201,Kanya,Iron,kiron5k@arstechnica.com,Female,75.143.83.209
202,Sax,Timoney,stimoney5l@earthlink.net,Male,133.0.197.167
203,Luther,Hearfield,lhearfield5m@umich.edu,Male,253.86.52.125
204,Shane,Dilley,sdilley5n@blogtalkradio.com,Male,20.92.173.147
205,Ban,McGucken,bmcgucken5o@live.com,Male,163.113.196.22
206,Miran,McCluskey,mmccluskey5p@qq.com,Female,44.204.81.112
207,Auria,Ruggs,aruggs5q@about.com,Female,21.90.50.97
208,Loutitia,Glayzer,lglayzer5r@barnesandnoble.com,Female,227.128.25.231
209,Mattias,Mulhall,mmulhall5s@squidoo.com,Male,172.111.8.154
210,Querida,Kisby,qkisby5t@vk.com,Female,36.166.219.247
211,Ted,Hammon,thammon5u@hhs.gov,Male,167.22.19.80
212,Ringo,Lownes,rlownes5v@buzzfeed.com,Male,228.217.130.21
213,Gipsy,Demangeon,gdemangeon5w@multiply.com,Female,45.168.104.113
214,Harland,Chrippes,hchrippes5x@domainmarket.com,Male,19.230.18.91
215,Wadsworth,Antonioni,wantonioni5y@army.mil,Male,112.201.25.197
216,Finlay,Christofle,fchristofle5z@nymag.com,Male,184.174.128.219
217,Damara,Geratasch,dgeratasch60@cam.ac.uk,Female,54.45.16.150
218,Fanechka,Proughten,fproughten61@seesaa.net,Polygender,99.52.3.97
219,Uriel,Arrowsmith,uarrowsmith62@istockphoto.com,Male,14.7.210.35
220,Cherry,Threadgill,cthreadgill63@stanford.edu,Female,60.225.179.222
221,Scotty,Kybird,skybird64@hp.com,Male,14.192.68.40
222,Faun,Kinsley,fkinsley65@epa.gov,Female,178.18.32.176
223,Hillary,McAloren,hmcaloren66@yandex.ru,Female,25.16.9.236
224,Edita,Allchin,eallchin67@cbsnews.com,Female,241.158.164.45
225,Dex,Bock,dbock68@java.com,Male,45.75.241.73
226,Aime,Banker,abanker69@ftc.gov,Female,198.176.240.113
227,Yovonnda,Aggiss,yaggiss6a@mozilla.org,Female,113.156.64.125
228,Lefty,Fearfull,lfearfull6b@chronoengine.com,Male,194.230.209.117
229,Marisa,Isacoff,misacoff6c@qq.com,Female,168.121.46.207
230,Jenni,Pobjay,jpobjay6d@myspace.com,Female,136.96.210.221
231,Mollee,Brydell,mbrydell6e@phoca.cz,Female,247.67.62.203
232,Guntar,Ivanishin,givanishin6f@sakura.ne.jp,Male,26.73.153.175
233,Hakeem,Vernazza,hvernazza6g@constantcontact.com,Male,246.192.185.225
234,Base,Falshaw,bfalshaw6h@discuz.net,Genderqueer,73.221.29.2
235,Roley,Cotton,rcotton6i@abc.net.au,Male,69.190.41.216
236,Merralee,Northleigh,mnorthleigh6j@phpbb.com,Female,210.198.62.121
237,Hammad,Badsworth,hbadsworth6k@simplemachines.org,Male,145.94.219.210
238,Ferdinande,Clemonts,fclemonts6l@nymag.com,Female,26.98.96.236
239,Ash,Lewins,alewins6m@odnoklassniki.ru,Male,56.82.0.114
240,Carlyn,German,cgerman6n@digg.com,Female,206.128.123.42
241,Cristionna,Ducker,cducker6o@narod.ru,Female,188.104.196.24
242,Andrus,Trethowan,atrethowan6p@apple.com,Male,119.26.170.10
243,Babbie,McRoberts,bmcroberts6q@facebook.com,Female,182.94.104.91
244,Lucian,Duligall,lduligall6r@mit.edu,Male,156.209.40.81
245,Marget,Radsdale,mradsdale6s@youku.com,Female,124.192.42.226
246,Caitrin,Seckom,cseckom6t@telegraph.co.uk,Genderqueer,46.163.33.57
247,Dedra,Kinsey,dkinsey6u@hao123.com,Female,129.14.249.59
248,Inga,Jerke,ijerke6v@umn.edu,Female,102.68.135.198
249,Dalston,Linsley,dlinsley6w@pcworld.com,Male,50.215.238.128
250,Cecilia,Mance,cmance6x@pcworld.com,Female,142.217.249.225
251,Matthias,Clack,mclack6y@tumblr.com,Male,101.208.213.88
252,Vanda,Lipson,vlipson6z@boston.com,Female,243.255.183.5
253,Mort,Dommerque,mdommerque70@dmoz.org,Male,63.243.4.249
254,Selig,Eliesco,seliesco71@qq.com,Male,245.189.137.100
255,Averil,Westmancoat,awestmancoat72@mozilla.org,Female,103.126.180.65
256,Patty,Coal,pcoal73@miibeian.gov.cn,Male,11.122.163.22
257,Der,Rushmare,drushmare74@ameblo.jp,Male,143.2.138.33
258,Yankee,Wadworth,ywadworth75@discuz.net,Male,81.183.77.97
259,Martynne,Dalliwatr,mdalliwatr76@chron.com,Female,49.15.24.178
260,Lillian,Thorius,lthorius77@nba.com,Female,31.237.188.57
261,Tomasine,Estick,testick78@studiopress.com,Female,155.7.218.152
262,Vale,Crosetti,vcrosetti79@rediff.com,Male,21.226.3.72
263,Samantha,Cockney,scockney7a@instagram.com,Female,69.81.181.239
264,Consolata,Waistell,cwaistell7b@statcounter.com,Female,136.128.162.183
265,Ragnar,Huddle,rhuddle7c@github.com,Male,247.101.34.86
266,Dimitry,McCuthais,dmccuthais7d@usgs.gov,Male,216.175.152.71
267,Nickie,Pidgin,npidgin7e@toplist.cz,Male,23.2.213.142
268,Burl,Syphas,bsyphas7f@rambler.ru,Male,249.99.190.241
269,Evin,Jaan,ejaan7g@vk.com,Male,83.78.173.167
270,Tobie,Burton,tburton7h@state.gov,Male,49.58.77.52
271,Angela,Botha,abotha7i@cloudflare.com,Female,63.186.116.254
272,Lauri,Tranmer,ltranmer7j@jalbum.net,Female,211.180.181.46
273,Barny,Childs,bchilds7k@cdc.gov,Agender,169.10.236.180
274,Mabel,McLernon,mmclernon7l@phpbb.com,Female,8.9.54.100
275,Vera,Gantz,vgantz7m@4shared.com,Female,1.135.102.63
276,Alis,Corkett,acorkett7n@theguardian.com,Female,4.240.178.35
277,Malcolm,Fesby,mfesby7o@4shared.com,Male,204.33.179.231
278,Fidel,Schimaschke,fschimaschke7p@indiegogo.com,Male,91.26.152.68
279,Garry,Bustard,gbustard7q@whitehouse.gov,Male,51.251.153.12
280,Isidore,McNelly,imcnelly7r@lycos.com,Male,212.114.166.241
281,Christiano,Jaffrey,cjaffrey7s@sciencedaily.com,Male,96.115.134.139
282,Chrisy,Gladstone,cgladstone7t@ft.com,Male,186.88.78.228
283,Hendrick,Woffinden,hwoffinden7u@a8.net,Male,19.51.34.64
284,Gayel,Tender,gtender7v@si.edu,Female,248.220.16.253
285,Andie,Miguet,amiguet7w@usatoday.com,Female,125.112.200.8
286,Willow,Kleen,wkleen7x@mapquest.com,Female,69.119.25.208
287,Laney,Freckingham,lfreckingham7y@4shared.com,Female,169.190.5.91
288,Eldon,Vorley,evorley7z@nsw.gov.au,Male,120.34.237.116
289,Eugine,Mozzetti,emozzetti80@google.co.uk,Female,28.64.252.43
290,Gerti,Stanyer,gstanyer81@vimeo.com,Female,73.57.36.253
291,Frasquito,Fetteplace,ffetteplace82@mail.ru,Genderfluid,127.209.95.10
292,Carmen,Sealeaf,csealeaf83@yale.edu,Female,100.222.200.122
293,Garwin,Gethin,ggethin84@baidu.com,Male,201.240.166.172
294,Janetta,Brattan,jbrattan85@ifeng.com,Female,108.98.128.66
295,Giff,Edmunds,gedmunds86@mac.com,Male,211.37.64.75
296,Patric,Johnsee,pjohnsee87@eventbrite.com,Male,180.115.122.158
297,Roselle,De Avenell,rdeavenell88@digg.com,Female,134.126.139.212
298,Ofella,Leng,oleng89@arizona.edu,Female,149.192.20.69
299,Thedrick,Biggar,tbiggar8a@cornell.edu,Male,36.3.232.53
300,Brittany,Dowber,bdowber8b@surveymonkey.com,Female,146.45.161.138
301,Christoph,Zeale,czeale8c@freewebs.com,Male,79.76.180.103
302,Dehlia,Brockbank,dbrockbank8d@si.edu,Female,80.218.36.157
303,Esteban,Tailby,etailby8e@gravatar.com,Male,134.129.99.130
304,Jill,Rowen,jrowen8f@1688.com,Female,120.177.223.65
305,Iorgos,Spitell,ispitell8g@delicious.com,Male,71.122.219.94
306,Velvet,Endley,vendley8h@webnode.com,Female,243.210.18.4
307,Rourke,Hillitt,rhillitt8i@auda.org.au,Male,232.53.114.93
308,Marijn,Kemster,mkemster8j@patch.com,Male,52.14.182.84
309,Gaspard,Martygin,gmartygin8k@tmall.com,Male,11.244.47.233
310,Marj,Erdes,merdes8l@elegantthemes.com,Polygender,55.8.94.30
311,Guillermo,Suddards,gsuddards8m@redcross.org,Male,247.71.45.119
312,Putnem,Frankcombe,pfrankcombe8n@goo.ne.jp,Bigender,30.97.250.41
313,Cobb,Raggles,craggles8o@accuweather.com,Bigender,64.188.130.72
314,Kimberley,Beton,kbeton8p@chicagotribune.com,Female,8.210.246.70
315,Tonya,Churchill,tchurchill8q@ow.ly,Female,67.83.52.51
316,Odell,Mottini,omottini8r@nationalgeographic.com,Male,47.182.193.81
317,Denna,O'Hare,dohare8s@pinterest.com,Female,93.204.232.82
318,Boigie,Chesser,bchesser8t@weibo.com,Male,175.176.21.251
319,Burnaby,Clemerson,bclemerson8u@blogtalkradio.com,Male,239.201.200.104
320,Quent,Maccrae,qmaccrae8v@fda.gov,Male,12.174.172.246
321,Rolland,O'Donohue,rodonohue8w@dailymail.co.uk,Male,161.117.167.17
322,Vonni,Kinnock,vkinnock8x@ycombinator.com,Female,75.128.91.130
323,Orelie,Vials,ovials8y@is.gd,Female,174.24.1.10
324,Tannie,Gadney,tgadney8z@google.com.hk,Male,117.206.86.159
325,Mart,Boykett,mboykett90@phoca.cz,Male,12.105.132.75
326,Cozmo,Simka,csimka91@twitpic.com,Male,244.77.221.99
327,Sullivan,Garmey,sgarmey92@nature.com,Male,142.88.98.229
328,Sammy,Bilbie,sbilbie93@yandex.ru,Male,133.254.204.226
329,Helyn,Maletratt,hmaletratt94@newyorker.com,Female,221.132.113.211
330,Buddie,Huggett,bhuggett95@hp.com,Male,128.203.119.184
331,Karlotte,Bangley,kbangley96@google.fr,Female,223.87.180.17
332,Bibbie,Wasson,bwasson97@cam.ac.uk,Female,99.71.53.211
333,Neysa,Herkess,nherkess98@princeton.edu,Female,163.44.26.184
334,Becka,Key,bkey99@people.com.cn,Female,244.14.44.148
335,Emmy,Skellern,eskellern9a@google.co.uk,Female,3.29.164.150
336,Mendy,Duffield,mduffield9b@hostgator.com,Male,105.224.60.205
337,Alexandro,Dwelley,adwelley9c@europa.eu,Male,103.1.0.108
338,Bordy,Biermatowicz,bbiermatowicz9d@reference.com,Male,37.21.12.106
339,Pauletta,Tremollet,ptremollet9e@dmoz.org,Female,6.16.11.249
340,Cherry,Sealand,csealand9f@toplist.cz,Genderqueer,202.173.72.130
341,Vito,Sidlow,vsidlow9g@latimes.com,Male,239.224.15.135
342,Celesta,Worman,cworman9h@amazon.com,Female,211.157.131.84
343,Daven,Cristofalo,dcristofalo9i@symantec.com,Male,158.75.140.103
344,Parker,Roadknight,proadknight9j@parallels.com,Non-binary,252.144.182.193
345,Lydon,Wenger,lwenger9k@apple.com,Male,202.37.88.159
346,Arin,Spoward,aspoward9l@npr.org,Male,215.250.129.224
347,Erin,Fullwood,efullwood9m@last.fm,Female,113.50.134.32
348,Corabelle,Bernat,cbernat9n@posterous.com,Female,3.144.246.106
349,Sybil,Ruffler,sruffler9o@ifeng.com,Female,183.96.46.191
350,Chickie,Sporgeon,csporgeon9p@ask.com,Female,65.50.190.31
351,Alyssa,Hartill,ahartill9q@merriam-webster.com,Female,251.113.170.58
352,Clint,Priel,cpriel9r@netvibes.com,Male,29.20.120.210
353,Robby,Carine,rcarine9s@sciencedaily.com,Female,221.45.77.119
354,Witty,Shannon,wshannon9t@salon.com,Male,116.184.19.184
355,Darius,Pavitt,dpavitt9u@cnet.com,Male,201.162.26.252
356,Yolanda,Leveridge,yleveridge9v@opensource.org,Bigender,166.14.145.31
357,Amaleta,Aiskovitch,aaiskovitch9w@wikimedia.org,Female,153.59.117.184
358,Lillis,Roze,lroze9x@imageshack.us,Female,81.118.223.8
359,Gunar,Lodford,glodford9y@washington.edu,Male,59.161.60.2
360,Melvyn,Fitzjohn,mfitzjohn9z@unc.edu,Non-binary,18.169.192.246
361,Leonard,Figiovanni,lfigiovannia0@vinaora.com,Non-binary,120.93.200.46
362,Issi,Menhenitt,imenhenitta1@google.nl,Female,169.10.110.99
363,Jennette,Simmens,jsimmensa2@cnet.com,Female,120.131.184.44
364,Isidore,Hassent,ihassenta3@wordpress.com,Male,28.75.108.122
365,Fredek,Volker,fvolkera4@sitemeter.com,Male,243.26.131.34
366,Mallory,Bye,mbyea5@theguardian.com,Female,22.67.203.18
367,Erie,Blazi,eblazia6@google.nl,Male,139.19.208.139
368,Barry,Farey,bfareya7@phpbb.com,Male,197.204.59.171
369,Rafi,Barz,rbarza8@europa.eu,Male,173.220.146.212
370,Johnny,Buddock,jbuddocka9@eventbrite.com,Male,13.103.100.90
371,Rebecka,Heavens,rheavensaa@dropbox.com,Female,225.21.253.69
372,Hyacintha,Thackston,hthackstonab@yahoo.com,Female,84.77.29.148
373,Ad,Hatliff,ahatliffac@illinois.edu,Male,194.108.28.247
374,Rhianna,Juanico,rjuanicoad@sfgate.com,Female,255.37.218.115
375,Neely,Mudie,nmudieae@geocities.jp,Female,143.210.111.120
376,Opaline,Thewles,othewlesaf@mysql.com,Female,205.93.39.3
377,Artemis,Laise,alaiseag@bluehost.com,Male,93.65.113.30
378,Cathe,Jersch,cjerschah@cbslocal.com,Female,161.151.70.171
379,Ibrahim,Baynom,ibaynomai@state.gov,Male,184.73.231.242
380,Dewain,Bumfrey,dbumfreyaj@nsw.gov.au,Male,25.82.60.201
381,Arlen,Petriello,apetrielloak@sbwire.com,Male,106.144.234.133
382,Earvin,Burchell,eburchellal@ovh.net,Male,207.242.247.238
383,Ange,Brownbill,abrownbillam@bloglines.com,Male,102.232.8.194
384,Ike,Brownsell,ibrownsellan@bloomberg.com,Male,201.79.226.240
385,Modesta,Drewitt,mdrewittao@wordpress.org,Female,144.177.120.202
386,Venus,Mault,vmaultap@noaa.gov,Female,86.196.50.192
387,Carlyn,Spaule,cspauleaq@economist.com,Bigender,51.197.21.251
388,Harris,Hekkert,hhekkertar@vkontakte.ru,Male,180.107.237.29
389,Eduard,Shewring,eshewringas@pinterest.com,Male,143.188.89.130
390,Romonda,O'Mara,romaraat@china.com.cn,Female,96.188.112.143
391,Lloyd,Timbs,ltimbsau@ebay.com,Male,202.164.160.195
392,Wendi,Chaunce,wchaunceav@chron.com,Female,170.176.174.12
393,Hervey,Guitel,hguitelaw@163.com,Male,185.134.167.17
394,Cherise,Nyles,cnylesax@wunderground.com,Female,189.128.74.122
395,Duky,Lowless,dlowlessay@icq.com,Male,132.78.178.83
396,Ruttger,Speddin,rspeddinaz@abc.net.au,Genderqueer,235.206.3.171
397,Alexandro,Cullinan,acullinanb0@flavors.me,Male,238.31.197.44
398,Bren,Castel,bcastelb1@uol.com.br,Female,114.75.147.20
399,Pammi,Tomlin,ptomlinb2@cnbc.com,Female,67.245.247.57
400,Callean,Climar,cclimarb3@abc.net.au,Male,12.19.46.147
401,Abbey,Vennart,avennartb4@zdnet.com,Female,170.118.162.142
402,Hendrick,Walsham,hwalshamb5@pagesperso-orange.fr,Male,143.15.165.41
403,Dario,Corfield,dcorfieldb6@mozilla.org,Male,98.211.21.132
404,Cassaundra,Venny,cvennyb7@mail.ru,Female,199.86.239.252
405,Bonnee,Newell,bnewellb8@nbcnews.com,Female,43.105.7.170
406,Augustine,Schwandermann,aschwandermannb9@linkedin.com,Male,14.242.69.51
407,Ulrike,Gabrieli,ugabrieliba@google.co.jp,Female,241.130.102.27
408,Foster,Permain,fpermainbb@intel.com,Male,178.71.46.95
409,Merl,Arnke,marnkebc@jugem.jp,Female,210.194.249.129
410,Leeland,Maevela,lmaevelabd@zdnet.com,Male,55.45.243.88
411,Suzi,Bayle,sbaylebe@google.com.hk,Female,215.32.40.41
412,Benoite,Sproston,bsprostonbf@dagondesign.com,Female,109.232.244.30
413,Calla,Rottger,crottgerbg@walmart.com,Female,89.102.133.102
414,Sarah,Bampfield,sbampfieldbh@house.gov,Female,53.246.251.151
415,Ertha,Krzysztofiak,ekrzysztofiakbi@pen.io,Female,84.80.194.124
416,Gianna,Ellaman,gellamanbj@aol.com,Genderfluid,103.72.11.140
417,Enriqueta,Tatchell,etatchellbk@dion.ne.jp,Female,207.52.62.226
418,Pietrek,Tombs,ptombsbl@ibm.com,Male,183.196.98.143
419,Marc,Worwood,mworwoodbm@businessweek.com,Male,152.124.76.185
420,Luce,Rickaby,lrickabybn@tiny.cc,Female,132.206.249.123
421,Winona,Stolberger,wstolbergerbo@ftc.gov,Female,167.242.145.205
422,Raoul,Bills,rbillsbp@istockphoto.com,Male,137.31.85.251
423,Sloane,Braime,sbraimebq@joomla.org,Male,137.224.167.56
424,Flemming,Fullagar,ffullagarbr@rakuten.co.jp,Male,74.37.118.207
425,Puff,Ramalhete,pramalhetebs@toplist.cz,Male,157.17.7.35
426,Raina,Priter,rpriterbt@soup.io,Female,236.60.170.120
427,Stevana,Brimson,sbrimsonbu@bizjournals.com,Female,124.3.58.206
428,Sunny,Owen,sowenbv@wordpress.org,Female,104.198.75.6
429,Floyd,Avon,favonbw@free.fr,Male,166.36.43.127
430,Murvyn,Lembrick,mlembrickbx@geocities.jp,Male,165.179.193.66
431,Gerrie,Derby,gderbyby@rambler.ru,Bigender,14.252.20.44
432,Heida,Fortnon,hfortnonbz@comcast.net,Female,158.255.83.54
433,Dallas,Ioselev,dioselevc0@kickstarter.com,Male,13.127.196.68
434,Germaine,Gilffillan,ggilffillanc1@reverbnation.com,Female,120.199.215.221
435,Maurise,Ravenscroft,mravenscroftc2@ihg.com,Male,166.191.143.245
436,Cindie,Squirrel,csquirrelc3@cam.ac.uk,Polygender,191.59.117.237
437,Brantley,De Bruyne,bdebruynec4@naver.com,Male,214.177.118.83
438,Darrel,Cuddehy,dcuddehyc5@squidoo.com,Male,204.143.219.113
439,Loraine,Blodgetts,lblodgettsc6@gizmodo.com,Female,222.178.118.198
440,Niven,Denning,ndenningc7@narod.ru,Male,102.90.249.184
441,Guinevere,Nockolds,gnockoldsc8@europa.eu,Female,44.12.14.244
442,Pacorro,Iveagh,piveaghc9@ed.gov,Male,53.78.243.72
443,Chloe,Carlisi,ccarlisica@a8.net,Female,234.105.163.62
444,Shannon,Gout,sgoutcb@alibaba.com,Polygender,28.35.74.213
445,Herbert,Sainz,hsainzcc@webnode.com,Male,170.150.226.26
446,Teodora,Bowdrey,tbowdreycd@apple.com,Female,170.41.133.43
447,Janeczka,Phizaclea,jphizacleace@wordpress.com,Female,219.74.227.208
448,Orv,Blasing,oblasingcf@wunderground.com,Male,58.219.48.232
449,Janeczka,Stollhofer,jstollhofercg@digg.com,Female,31.183.155.163
450,Alis,Mingardo,amingardoch@yolasite.com,Female,225.85.109.115
451,Parry,Sprionghall,psprionghallci@is.gd,Bigender,88.253.135.27
452,Guglielmo,Schrir,gschrircj@google.de,Male,161.232.66.104
453,Linell,Dury,lduryck@flavors.me,Female,43.109.141.119
454,Torrin,Rooson,troosoncl@privacy.gov.au,Male,162.114.197.82
455,Christoforo,Gillcrist,cgillcristcm@upenn.edu,Male,74.138.91.169
456,Giana,Stirland,gstirlandcn@domainmarket.com,Female,109.134.40.150
457,Deb,Weller,dwellerco@businessweek.com,Female,205.132.200.57
458,Berny,Crennell,bcrennellcp@ezinearticles.com,Female,143.13.244.97
459,Davidde,Ife,difecq@eepurl.com,Bigender,72.217.78.112
460,Rem,Delucia,rdeluciacr@com.com,Male,147.73.250.64
461,Selma,Rosencrantz,srosencrantzcs@springer.com,Female,99.181.219.21
462,Cacilie,Shatliff,cshatliffct@abc.net.au,Female,143.0.218.225
463,Emmalee,Ead,eeadcu@hud.gov,Female,135.113.240.251
464,Waylan,Dobney,wdobneycv@gravatar.com,Male,23.229.230.75
465,Niall,Harbage,nharbagecw@addtoany.com,Male,178.252.40.207
466,Witty,Teodori,wteodoricx@va.gov,Bigender,222.117.26.36
467,Aime,Clissold,aclissoldcy@blogtalkradio.com,Female,106.83.165.228
468,Corrie,Eggar,ceggarcz@hexun.com,Female,141.175.188.42
469,Raimondo,Gillcrist,rgillcristd0@marketwatch.com,Male,25.19.33.185
470,Quincey,Gresley,qgresleyd1@artisteer.com,Male,133.132.23.228
471,Klement,Chatel,kchateld2@blogger.com,Male,93.226.29.101
472,Beauregard,MacGinley,bmacginleyd3@mediafire.com,Male,183.70.170.109
473,Natale,Camock,ncamockd4@aboutads.info,Male,13.1.70.15
474,Bonnie,McCleary,bmcclearyd5@cdbaby.com,Female,106.85.171.86
475,Jocko,Mourgue,jmourgued6@studiopress.com,Male,249.91.2.28
476,Afton,McCrorie,amccroried7@google.it,Female,38.100.102.212
477,Vicki,Ashborn,vashbornd8@barnesandnoble.com,Female,218.233.206.162
478,Rees,Dunbabin,rdunbabind9@sourceforge.net,Male,136.87.166.10
479,Travus,Clotworthy,tclotworthyda@craigslist.org,Male,223.213.179.128
480,Thorin,Drysdell,tdrysdelldb@infoseek.co.jp,Male,34.194.200.65
481,Bethena,Arendsen,barendsendc@amazon.de,Female,46.6.20.29
482,Conroy,Yarwood,cyarwooddd@issuu.com,Male,200.177.167.77
483,Laurent,Weblin,lweblinde@lulu.com,Male,57.253.113.246
484,Ripley,Phelipeau,rphelipeaudf@ibm.com,Male,176.171.12.176
485,Latrena,Risley,lrisleydg@dropbox.com,Female,253.54.132.178
486,Doreen,Lomax,dlomaxdh@domainmarket.com,Female,44.33.222.160
487,Marsh,Slight,mslightdi@last.fm,Male,47.244.82.136
488,Raul,Bradbrook,rbradbrookdj@si.edu,Male,118.130.66.117
489,Wes,Dunbleton,wdunbletondk@ovh.net,Genderfluid,79.75.90.206
490,Mignon,Leavey,mleaveydl@nbcnews.com,Non-binary,57.4.25.12
491,Krystyna,Wrout,kwroutdm@angelfire.com,Female,239.174.121.101
492,Gawain,Tween,gtweendn@google.com.br,Male,131.202.83.126
493,Arnoldo,Wankling,awanklingdo@godaddy.com,Male,54.76.114.143
494,Reed,Basham,rbashamdp@youku.com,Male,153.208.193.24
495,Jarred,Cortese,jcortesedq@berkeley.edu,Male,225.85.8.50
496,Sarge,Elves,selvesdr@elegantthemes.com,Male,68.185.149.208
497,Herschel,Tinmouth,htinmouthds@google.nl,Male,110.138.246.135
498,Moses,Petts,mpettsdt@ucoz.ru,Male,163.157.22.179
499,Ced,Triplow,ctriplowdu@tamu.edu,Male,247.11.225.213
500,Lanny,Witchalls,lwitchallsdv@hp.com,Female,1.69.89.131
501,Saxe,Vamplers,svamplersdw@spotify.com,Male,175.95.91.245
502,Teddy,Gent,tgentdx@nsw.gov.au,Female,127.242.192.177
503,Everett,MacKomb,emackombdy@nydailynews.com,Male,175.33.225.28
504,Obie,Payler,opaylerdz@biglobe.ne.jp,Agender,88.65.199.78
505,Jerrilee,Hague,jhaguee0@paginegialle.it,Bigender,59.198.65.74
506,Aleen,Paynton,apayntone1@senate.gov,Female,255.120.235.103
507,Raine,Wainscot,rwainscote2@wordpress.com,Female,147.119.67.147
508,Trevar,Balducci,tbalduccie3@yelp.com,Male,200.148.2.241
509,Glenine,Clausson,gclaussone4@mac.com,Female,147.180.187.111
510,Natty,Sjollema,nsjollemae5@privacy.gov.au,Female,52.37.200.221
511,Dolph,Enderle,denderlee6@vk.com,Male,90.146.144.10
512,Elita,Macken,emackene7@reverbnation.com,Female,185.94.86.135
513,Tymothy,Conibear,tconibeare8@google.com.br,Male,6.79.46.21
514,Tonie,Greenan,tgreenane9@jiathis.com,Female,80.11.204.124
515,Kandy,Vassay,kvassayea@1688.com,Female,236.224.222.167
516,Hulda,Coonihan,hcoonihaneb@marriott.com,Female,169.231.129.102
517,Sissie,Ramiro,sramiroec@usnews.com,Female,241.249.31.237
518,Danny,Vasser,dvassered@huffingtonpost.com,Male,18.98.155.3
519,Lazare,Guiton,lguitonee@virginia.edu,Male,191.85.203.110
520,Shane,Giannazzo,sgiannazzoef@pagesperso-orange.fr,Male,218.233.115.246
521,Nariko,Alvar,nalvareg@free.fr,Female,156.185.170.5
522,Cordy,Thorndycraft,cthorndycrafteh@wp.com,Male,170.122.4.98
523,Joyann,Kelleway,jkellewayei@eepurl.com,Female,163.123.172.249
524,Stacy,Goodwins,sgoodwinsej@sohu.com,Male,53.29.9.139
525,Hale,Boughtflower,hboughtflowerek@usda.gov,Male,147.111.175.105
526,Sherline,Scurrah,sscurrahel@booking.com,Female,47.164.208.1
527,Darb,Jaffra,djaffraem@blinklist.com,Female,84.159.124.245
528,Pierette,Aloway,palowayen@gnu.org,Female,249.22.67.226
529,Pandora,Bursnall,pbursnalleo@tripod.com,Female,23.140.163.144
530,Egor,Holdin,eholdinep@so-net.ne.jp,Male,193.219.87.195
531,Stern,Burder,sburdereq@rakuten.co.jp,Male,234.33.231.196
532,Alister,Grellier,agrellierer@boston.com,Male,28.23.129.185
533,Orlan,Cumo,ocumoes@tmall.com,Male,215.228.114.161
534,Parnell,MacMaster,pmacmasteret@go.com,Male,164.32.39.159
535,Northrup,McRorie,nmcrorieeu@pcworld.com,Male,255.12.212.22
536,Cassaundra,Kynastone,ckynastoneev@state.tx.us,Female,132.191.141.226
537,Genovera,Beddin,gbeddinew@msn.com,Female,19.226.177.71
538,Cazzie,Peppett,cpeppettex@dedecms.com,Male,118.35.243.0
539,Jerad,Cansfield,jcansfieldey@noaa.gov,Bigender,196.10.251.128
540,Leila,Gittoes,lgittoesez@behance.net,Female,121.51.40.123
541,Kermit,Beert,kbeertf0@wiley.com,Genderfluid,214.132.166.119
542,Hollis,Coils,hcoilsf1@nytimes.com,Male,231.125.99.51
543,Florella,Rennenbach,frennenbachf2@example.com,Female,203.210.64.78
544,Cullie,Gounel,cgounelf3@usatoday.com,Male,142.220.107.189
545,Cyndie,Mayhou,cmayhouf4@nih.gov,Female,208.27.72.246
546,Rickert,Boobyer,rboobyerf5@seesaa.net,Male,121.245.117.182
547,Mariann,Bampford,mbampfordf6@ft.com,Female,148.197.215.86
548,Danna,Kitt,dkittf7@prnewswire.com,Female,20.84.145.180
549,Talia,Buckenham,tbuckenhamf8@cbslocal.com,Female,180.196.12.181
550,Aubert,Hurleston,ahurlestonf9@cargocollective.com,Male,147.92.7.194
551,Iorgos,Gerrell,igerrellfa@spiegel.de,Male,136.163.114.204
552,Rowen,Ellam,rellamfb@reverbnation.com,Male,104.64.92.24
553,Newton,Gregorowicz,ngregorowiczfc@nasa.gov,Male,114.12.176.198
554,Dallon,Ingerfield,dingerfieldfd@sakura.ne.jp,Male,116.207.56.196
555,Nicolina,McCafferty,nmccaffertyfe@techcrunch.com,Agender,99.177.44.34
556,Melitta,Frogley,mfrogleyff@simplemachines.org,Female,116.2.232.64
557,Zandra,McFadyen,zmcfadyenfg@hatena.ne.jp,Female,80.10.152.7
558,Lorant,Clogg,lcloggfh@wix.com,Male,46.233.173.40
559,Nikki,Gonsalvez,ngonsalvezfi@omniture.com,Male,170.254.79.242
560,Celka,Bohlsen,cbohlsenfj@sogou.com,Female,13.189.198.133
561,Timmy,McSporrin,tmcsporrinfk@odnoklassniki.ru,Male,3.134.45.87
562,Sydel,Berridge,sberridgefl@networkadvertising.org,Female,64.139.34.146
563,Ahmad,Pearmain,apearmainfm@mediafire.com,Male,67.40.127.182
564,Gregorius,Cousens,gcousensfn@creativecommons.org,Male,90.138.57.176
565,Janina,Mattek,jmattekfo@wisc.edu,Female,133.146.118.146
566,Harrietta,Robert,hrobertfp@ovh.net,Female,143.159.67.130
567,Garek,Keeves,gkeevesfq@a8.net,Male,207.27.216.100
568,Zebulon,Washington,zwashingtonfr@prweb.com,Male,47.65.247.84
569,Joellyn,Giraux,jgirauxfs@noaa.gov,Female,119.137.205.150
570,Bessy,Croizier,bcroizierft@webnode.com,Female,202.160.78.205
571,Efren,Atthow,eatthowfu@bizjournals.com,Male,86.171.32.20
572,Korney,Swindin,kswindinfv@hhs.gov,Female,108.32.68.186
573,Valma,Twist,vtwistfw@tmall.com,Female,70.25.154.35
574,Cyril,Wiltshire,cwiltshirefx@jugem.jp,Male,167.50.9.86
575,Lucine,Tremethack,ltremethackfy@simplemachines.org,Female,173.133.203.76
576,Nicolea,Gammons,ngammonsfz@joomla.org,Female,86.51.209.151
577,Angelia,Heaney,aheaneyg0@washingtonpost.com,Female,40.39.39.74
578,Mac,Cowper,mcowperg1@nbcnews.com,Male,147.181.124.202
579,Benedick,Washtell,bwashtellg2@unicef.org,Male,103.169.201.163
580,Salem,Ebbett,sebbettg3@msn.com,Male,62.70.234.191
581,Marylee,Haddleton,mhaddletong4@apache.org,Female,79.134.227.152
582,Chevalier,Batterbee,cbatterbeeg5@cdc.gov,Male,214.135.39.251
583,Abigale,Witsey,awitseyg6@fc2.com,Genderfluid,239.94.62.243
584,Dyan,Bartoshevich,dbartoshevichg7@dropbox.com,Female,220.127.23.20
585,Erie,Glowach,eglowachg8@kickstarter.com,Male,53.251.44.77
586,Shelagh,Canaan,scanaang9@sourceforge.net,Female,218.134.141.126
587,Harli,Arguile,harguilega@booking.com,Female,168.71.126.21
588,Kelly,Louisot,klouisotgb@icq.com,Male,214.78.72.202
589,Alanson,Wilber,awilbergc@amazon.co.jp,Male,220.145.243.77
590,Rice,Leeb,rleebgd@yellowbook.com,Male,144.98.26.224
591,Piggy,Morales,pmoralesge@cbslocal.com,Male,42.104.223.219
592,Carlyn,Dorant,cdorantgf@friendfeed.com,Female,68.75.250.246
593,Hercule,Worsell,hworsellgg@foxnews.com,Male,81.155.163.116
594,Dexter,Sanja,dsanjagh@paginegialle.it,Male,51.91.72.115
595,Friederike,Haslock(e),fhaslockegi@springer.com,Female,102.11.131.217
596,Colline,Durbann,cdurbanngj@woothemes.com,Female,230.170.152.177
597,Georgy,Pamment,gpammentgk@ed.gov,Male,142.158.46.133
598,Paola,Waldie,pwaldiegl@typepad.com,Female,96.104.10.126
599,Raynell,Duplock,rduplockgm@shop-pro.jp,Female,245.45.158.112
600,Leelah,Grisley,lgrisleygn@ftc.gov,Female,174.225.3.166
601,Eliza,Pobjay,epobjaygo@youtu.be,Female,217.69.133.17
602,Elaine,Cripwell,ecripwellgp@nytimes.com,Female,181.56.218.137
603,Andreana,Gilchrist,agilchristgq@uol.com.br,Female,247.42.87.17
604,Karlan,Calderonello,kcalderonellogr@odnoklassniki.ru,Non-binary,84.136.193.119
605,Bryce,Twinberrow,btwinberrowgs@bloglines.com,Genderfluid,247.132.155.132
606,Hyacintha,Pover,hpovergt@hc360.com,Female,13.227.121.234
607,Seward,Andresser,sandressergu@plala.or.jp,Male,7.145.92.133
608,Enriqueta,Duplain,eduplaingv@china.com.cn,Female,43.50.162.105
609,Ayn,Lincoln,alincolngw@time.com,Female,155.135.38.21
610,Avram,Louca,aloucagx@g.co,Male,161.206.233.155
611,Elisabeth,Tezure,etezuregy@youtube.com,Female,119.218.199.161
612,Aaron,Hember,ahembergz@dropbox.com,Male,8.150.175.198
613,Gustaf,Chadbourn,gchadbournh0@themeforest.net,Male,189.0.180.233
614,Waylin,Screech,wscreechh1@bloglovin.com,Male,175.144.33.183
615,Merry,Kenton,mkentonh2@nasa.gov,Male,175.170.73.97
616,Carena,Patkin,cpatkinh3@wix.com,Female,88.215.65.75
617,Sasha,Burkill,sburkillh4@baidu.com,Male,108.87.60.186
618,Marcelo,Dulson,mdulsonh5@youtube.com,Male,112.132.254.183
619,Ivar,Ruusa,iruusah6@nature.com,Male,218.3.226.41
620,Morris,Sich,msichh7@dot.gov,Male,111.190.157.200
621,Esther,Couzens,ecouzensh8@sogou.com,Female,172.98.151.80
622,Mia,Birdfield,mbirdfieldh9@buzzfeed.com,Female,189.25.188.244
623,Onfroi,Ditty,odittyha@marketwatch.com,Male,36.79.119.239
624,Eugenia,Gormally,egormallyhb@accuweather.com,Female,22.20.189.204
625,Jennine,Gerram,jgerramhc@disqus.com,Female,154.226.219.2
626,Emlyn,Compfort,ecompforthd@yellowbook.com,Male,92.14.176.20
627,Dorian,Davidge,ddavidgehe@state.gov,Female,27.129.128.229
628,Eberto,McKeurtan,emckeurtanhf@businessinsider.com,Male,17.179.32.154
629,Stace,Stowgill,sstowgillhg@imgur.com,Female,240.1.65.167
630,Llewellyn,Benedict,lbenedicthh@vkontakte.ru,Polygender,40.170.219.43
631,Demetri,Goldney,dgoldneyhi@imdb.com,Male,177.66.106.134
632,Louie,Josifovitz,ljosifovitzhj@msu.edu,Polygender,68.61.73.50
633,Johnette,Aldwinckle,jaldwincklehk@people.com.cn,Female,6.218.60.177
634,Tome,Clamp,tclamphl@fda.gov,Male,11.146.65.116
635,Jacynth,Gent,jgenthm@oracle.com,Female,86.58.201.241
636,Cynthy,Greenrod,cgreenrodhn@scientificamerican.com,Female,29.227.185.245
637,Conrade,Craster,ccrasterho@rambler.ru,Male,2.124.57.109
638,Zaneta,Milne,zmilnehp@hubpages.com,Female,24.182.214.31
639,Jaquelin,Di Baudi,jdibaudihq@archive.org,Female,170.120.200.48
640,Oralle,Hannabuss,ohannabusshr@weibo.com,Female,138.203.87.119
641,Mirelle,Johnstone,mjohnstonehs@dyndns.org,Female,221.246.167.250
642,Elly,Kneller,eknellerht@squarespace.com,Female,6.95.25.177
643,Eveleen,Swendell,eswendellhu@who.int,Female,126.223.93.62
644,Randall,Rapinett,rrapinetthv@noaa.gov,Male,90.109.58.6
645,Korry,Crilly,kcrillyhw@constantcontact.com,Female,93.206.15.102
646,Marybelle,Gonnin,mgonninhx@umn.edu,Female,179.61.53.135
647,Burr,Murrells,bmurrellshy@bluehost.com,Agender,25.156.180.107
648,Reese,Purdy,rpurdyhz@wisc.edu,Male,116.141.176.102
649,Barry,Lowth,blowthi0@elegantthemes.com,Female,176.139.14.210
650,Farlee,Rubinchik,frubinchiki1@netscape.com,Male,237.205.71.36
651,Perice,Tissiman,ptissimani2@seattletimes.com,Male,255.129.46.110
652,Johnette,Tarbox,jtarboxi3@issuu.com,Female,219.45.124.21
653,Frederich,Franceschelli,ffranceschellii4@twitter.com,Male,15.199.253.94
654,Helyn,Gage,hgagei5@newyorker.com,Female,245.97.171.212
655,Saudra,Caswall,scaswalli6@aol.com,Genderfluid,95.87.51.154
656,Harli,Finneran,hfinnerani7@ustream.tv,Female,231.18.21.218
657,Penni,Maidstone,pmaidstonei8@miitbeian.gov.cn,Female,157.254.242.233
658,Bartolemo,Lebel,blebeli9@nyu.edu,Male,98.157.101.233
659,Morty,McIlharga,mmcilhargaia@baidu.com,Male,160.174.187.59
660,Elva,Shuter,eshuterib@fema.gov,Female,244.28.194.131
661,Gayle,Dommerque,gdommerqueic@barnesandnoble.com,Female,180.196.155.130
662,Caresa,Lachaize,clachaizeid@washington.edu,Female,223.86.141.126
663,Lucy,Raithby,lraithbyie@liveinternet.ru,Female,145.45.20.0
664,Marwin,Densell,mdensellif@canalblog.com,Male,33.85.168.255
665,Tessie,Pamment,tpammentig@ft.com,Female,214.164.180.105
666,Benedikt,Boylin,bboylinih@yale.edu,Male,7.88.219.66
667,Derril,Howkins,dhowkinsii@nhs.uk,Male,207.79.137.187
668,Meyer,Sutherley,msutherleyij@paginegialle.it,Male,36.111.237.143
669,Waylan,Turl,wturlik@cornell.edu,Agender,94.37.150.93
670,Concordia,Baistow,cbaistowil@joomla.org,Female,20.236.84.237
671,Marsha,Nelthorpe,mnelthorpeim@360.cn,Female,191.240.95.159
672,Anne,Moxstead,amoxsteadin@studiopress.com,Female,164.255.147.193
673,Viviene,Yurov,vyurovio@desdev.cn,Female,231.187.160.57
674,Eberhard,Scoggin,escogginip@desdev.cn,Male,168.231.119.163
675,Gabriello,Emeline,gemelineiq@usa.gov,Male,157.132.217.63
676,Charil,Gress,cgressir@wiley.com,Female,231.29.108.17
677,Avril,Foote,afooteis@altervista.org,Female,22.151.8.164
678,Bev,Rosewell,brosewellit@reddit.com,Female,250.202.146.30
679,Jarrid,Cressor,jcressoriu@accuweather.com,Male,47.17.38.220
680,Ortensia,Bulcroft,obulcroftiv@samsung.com,Female,64.226.128.101
681,Torin,Dureden,tduredeniw@tinypic.com,Male,142.27.178.78
682,Sandor,Stoggles,sstogglesix@imdb.com,Male,160.3.205.244
683,Maurizio,Loxly,mloxlyiy@wp.com,Male,47.183.234.121
684,Celina,Runcie,cruncieiz@auda.org.au,Female,21.88.219.223
685,Susann,McGuinness,smcguinnessj0@indiatimes.com,Female,137.72.146.58
686,Emma,Stedson,estedsonj1@seesaa.net,Female,125.29.165.88
687,Odell,Prangnell,oprangnellj2@paginegialle.it,Male,154.45.90.197
688,Eugenia,Ozelton,eozeltonj3@booking.com,Female,68.242.200.223
689,Sidoney,Henzley,shenzleyj4@slate.com,Female,188.44.132.22
690,Stanford,Duthy,sduthyj5@t-online.de,Male,232.167.246.209
691,Artair,Falco,afalcoj6@ifeng.com,Male,61.62.236.133
692,Shaylynn,Nouch,snouchj7@sun.com,Female,222.45.85.246
693,Valentin,Showler,vshowlerj8@hugedomains.com,Male,93.225.231.190
694,Mollie,Meekings,mmeekingsj9@myspace.com,Female,240.144.190.121
695,Regan,Danbury,rdanburyja@elegantthemes.com,Male,169.44.72.140
696,Jsandye,Hendrickx,jhendrickxjb@webnode.com,Female,183.182.169.225
697,Barbara,Josefsen,bjosefsenjc@live.com,Female,51.26.22.223
698,Gill,Domenc,gdomencjd@bing.com,Male,3.172.207.26
699,Rory,Chivrall,rchivrallje@nih.gov,Male,39.53.157.91
700,Allie,Beddoes,abeddoesjf@flickr.com,Female,24.70.193.243
701,Kyle,Senecaut,ksenecautjg@webs.com,Male,155.86.187.77
702,Mathilda,Fairhead,mfairheadjh@booking.com,Female,240.17.35.35
703,Stacy,Nelissen,snelissenji@seesaa.net,Female,142.18.198.39
704,Theo,Bumphries,tbumphriesjj@so-net.ne.jp,Male,242.1.138.216
705,Ferdy,Hutchcraft,fhutchcraftjk@webmd.com,Male,22.107.32.67
706,Alon,Firmage,afirmagejl@answers.com,Male,116.9.224.172
707,Connie,Comusso,ccomussojm@who.int,Male,155.172.71.83
708,Sigvard,Quelch,squelchjn@facebook.com,Male,44.104.106.246
709,Florence,Witton,fwittonjo@deliciousdays.com,Female,187.192.118.80
710,Cassondra,Pietsma,cpietsmajp@mediafire.com,Bigender,85.89.47.206
711,Shawn,McAnellye,smcanellyejq@howstuffworks.com,Male,4.7.148.194
712,Brenda,Chatelot,bchatelotjr@deliciousdays.com,Female,254.63.16.65
713,Josy,Dulwich,jdulwichjs@barnesandnoble.com,Female,117.73.244.55
714,Ulick,Harman,uharmanjt@ox.ac.uk,Male,199.65.128.200
715,Adrien,Chinnery,achinneryju@digg.com,Male,22.209.242.183
716,Libbey,Mynett,lmynettjv@msu.edu,Female,228.15.115.12
717,Rhiamon,Powe,rpowejw@cbc.ca,Female,237.186.211.91
718,Cathryn,Lelliott,clelliottjx@mozilla.com,Female,254.112.255.67
719,Sibella,Kinsman,skinsmanjy@webs.com,Female,239.123.100.30
720,Mehetabel,Lecordier,mlecordierjz@howstuffworks.com,Genderqueer,6.194.200.171
721,Carmelina,Cogin,ccogink0@wordpress.com,Female,118.35.180.106
722,Carol-jean,Burberow,cburberowk1@shinystat.com,Female,160.222.187.31
723,Mindy,Downs,mdownsk2@histats.com,Female,40.67.172.77
724,Leontine,Udale,ludalek3@merriam-webster.com,Female,229.89.18.127
725,Alyce,Dorot,adorotk4@tuttocitta.it,Non-binary,7.52.70.20
726,Lowrance,Dallin,ldallink5@seattletimes.com,Male,20.238.63.161
727,Stoddard,Beggs,sbeggsk6@vinaora.com,Female,30.76.41.154
728,Alwin,Perel,aperelk7@bandcamp.com,Male,231.218.168.186
729,Celene,Romaines,cromainesk8@nationalgeographic.com,Female,105.59.139.32
730,Madelin,Edelston,medelstonk9@pen.io,Female,176.242.74.72
731,Giffer,Larose,glaroseka@delicious.com,Male,152.244.9.229
732,Elga,Moutray Read,emoutrayreadkb@quantcast.com,Genderfluid,216.46.120.168
733,Shirline,Pulman,spulmankc@washington.edu,Polygender,93.204.143.234
734,Sandie,Pheasant,spheasantkd@umich.edu,Female,92.60.112.240
735,Francesco,Crosham,fcroshamke@mail.ru,Male,209.7.189.2
736,Christi,Dmiterko,cdmiterkokf@ebay.com,Female,152.108.76.249
737,Anette,Dorn,adornkg@bandcamp.com,Female,89.222.98.171
738,Ella,Linnit,elinnitkh@google.com.br,Female,190.114.94.128
739,Valentijn,Bundey,vbundeyki@drupal.org,Male,43.240.89.219
740,Pietrek,Cudbird,pcudbirdkj@issuu.com,Male,143.201.239.15
741,Clare,Bockmaster,cbockmasterkk@chron.com,Female,115.248.196.101
742,Fred,Rentoll,frentollkl@wired.com,Agender,219.95.47.95
743,Arman,Basini-Gazzi,abasinigazzikm@about.com,Bigender,117.11.7.84
744,Richy,Kettoe,rkettoekn@printfriendly.com,Male,239.189.22.68
745,Estevan,Carnegy,ecarnegyko@google.co.jp,Genderqueer,194.178.212.65
746,Hurleigh,Leatherbarrow,hleatherbarrowkp@google.pl,Male,209.76.155.137
747,Norri,Laraway,nlarawaykq@macromedia.com,Female,125.104.106.137
748,Coleman,Clemenson,cclemensonkr@usnews.com,Polygender,130.102.63.3
749,Karena,Zammett,kzammettks@nifty.com,Female,138.48.146.73
750,Winni,Calderon,wcalderonkt@weather.com,Female,2.11.255.186
751,Katina,Aizikovich,kaizikovichku@myspace.com,Female,190.255.23.226
752,Cristiano,Clopton,ccloptonkv@wix.com,Male,142.96.174.245
753,Denys,Caras,dcaraskw@ca.gov,Non-binary,138.127.244.2
754,Joelie,Farrears,jfarrearskx@sun.com,Female,195.169.68.142
755,Dacy,Geffinger,dgeffingerky@washington.edu,Female,10.110.172.226
756,Wally,Trott,wtrottkz@ted.com,Male,178.143.100.229
757,Gregg,Fripp,gfrippl0@nyu.edu,Male,117.157.67.152
758,Ced,Prothero,cprotherol1@creativecommons.org,Male,92.5.10.29
759,Batholomew,Toft,btoftl2@e-recht24.de,Male,250.206.36.242
760,Cami,Seawell,cseawelll3@dailymotion.com,Female,48.189.43.235
761,Niles,Water,nwaterl4@arizona.edu,Male,223.192.12.169
762,Selene,McCloy,smccloyl5@smh.com.au,Female,156.16.218.112
763,Bordy,Huyton,bhuytonl6@angelfire.com,Male,201.29.132.146
764,Inglebert,Atherton,iathertonl7@nifty.com,Male,118.168.142.92
765,Vikki,Moralee,vmoraleel8@networkadvertising.org,Female,241.53.142.74
766,Milt,Edgell,medgelll9@elpais.com,Male,146.208.181.243
767,Leann,Petric,lpetricla@meetup.com,Female,102.70.77.62
768,Faulkner,Fort,ffortlb@thetimes.co.uk,Male,109.133.245.106
769,Mallory,Cordes,mcordeslc@arizona.edu,Female,36.204.23.43
770,Adoree,Boosey,abooseyld@intel.com,Female,79.30.94.76
771,Mylo,Rendbaek,mrendbaekle@timesonline.co.uk,Male,14.44.173.113
772,Donny,Machin,dmachinlf@harvard.edu,Female,6.121.90.3
773,Abey,Trahear,atrahearlg@dot.gov,Male,57.74.12.87
774,Cecil,Baseke,cbasekelh@dedecms.com,Female,207.105.192.14
775,Joe,Grzeszczyk,jgrzeszczykli@opera.com,Male,77.85.44.213
776,Frederic,Fassam,ffassamlj@tripod.com,Male,132.122.17.223
777,Rockwell,Wimpey,rwimpeylk@wufoo.com,Male,238.212.229.198
778,Melisandra,Illingsworth,millingsworthll@constantcontact.com,Female,151.164.161.52
779,Ginger,Greber,ggreberlm@apache.org,Male,240.157.166.211
780,Victor,Joska,vjoskaln@e-recht24.de,Male,85.154.239.12
781,Tomkin,Kerans,tkeranslo@ox.ac.uk,Male,116.208.116.46
782,Clare,Withur,cwithurlp@dyndns.org,Male,11.138.148.98
783,Jeniffer,Swannick,jswannicklq@bloomberg.com,Female,13.236.6.31
784,Corbie,Bestiman,cbestimanlr@aol.com,Male,11.65.213.55
785,Johanna,DeSousa,jdesousals@google.fr,Female,197.233.20.36
786,Eustace,Geikie,egeikielt@reddit.com,Male,26.74.204.40
787,Clevie,Tirkin,ctirkinlu@discovery.com,Male,234.255.16.155
788,Stevie,Applegate,sapplegatelv@mashable.com,Male,18.208.137.112
789,Esteban,St. Louis,estlouislw@usa.gov,Male,137.254.43.72
790,Nanete,Wisbey,nwisbeylx@pagesperso-orange.fr,Female,181.115.221.225
791,Jareb,Leadston,jleadstonly@printfriendly.com,Male,10.66.248.161
792,Genia,Mallall,gmallalllz@techcrunch.com,Female,8.251.132.70
793,Dory,Bish,dbishm0@scribd.com,Female,90.62.24.119
794,Marten,Brozek,mbrozekm1@ucoz.ru,Male,190.151.43.133
795,Olivero,Ossenna,oossennam2@google.it,Male,6.219.253.216
796,Husein,Hattigan,hhattiganm3@sbwire.com,Male,166.148.156.238
797,Desmond,Wynter,dwynterm4@reuters.com,Male,227.147.17.106
798,Brandais,Tight,btightm5@discovery.com,Female,58.192.197.159
799,Lewiss,Balma,lbalmam6@naver.com,Male,17.64.231.10
800,Nerte,Culpen,nculpenm7@cam.ac.uk,Female,12.119.11.242
801,Misha,Illem,millemm8@digg.com,Female,48.189.100.193
802,Hugo,Fierro,hfierrom9@clickbank.net,Male,235.61.226.201
803,Parry,Rowlson,prowlsonma@sciencedirect.com,Male,96.244.36.84
804,Ara,Bagster,abagstermb@china.com.cn,Male,171.190.5.87
805,Dieter,Shimman,dshimmanmc@hp.com,Male,143.86.4.94
806,Bili,Amor,bamormd@purevolume.com,Female,12.175.84.191
807,Leena,Brame,lbrameme@google.co.jp,Female,192.191.140.213
808,Ulric,Ratley,uratleymf@phoca.cz,Male,98.76.190.30
809,Amandy,De Hailes,adehailesmg@sakura.ne.jp,Female,3.169.211.72
810,Henrik,O'Kinedy,hokinedymh@uol.com.br,Male,239.68.211.46
811,Alverta,Orsi,aorsimi@bbc.co.uk,Female,137.123.199.226
812,Lindy,Witter,lwittermj@acquirethisname.com,Male,37.31.205.178
813,Margit,Woodroof,mwoodroofmk@ucoz.ru,Female,219.180.30.232
814,Karie,Fairlaw,kfairlawml@constantcontact.com,Female,72.112.169.134
815,Dietrich,Cromwell,dcromwellmm@imgur.com,Male,140.133.102.25
816,Gunar,Starton,gstartonmn@prweb.com,Male,38.59.105.204
817,Sara,Wyman,swymanmo@last.fm,Female,75.239.49.199
818,Melba,O' Shea,mosheamp@ehow.com,Female,117.9.88.156
819,Oates,Delong,odelongmq@squidoo.com,Male,76.188.50.52
820,Gweneth,Dilks,gdilksmr@smh.com.au,Female,63.225.236.207
821,Aile,Girth,agirthms@cnet.com,Female,67.225.109.127
822,Burr,Anersen,banersenmt@google.co.uk,Male,117.2.89.156
823,Deane,Sailor,dsailormu@squarespace.com,Female,172.177.145.164
824,Jo,Aldritt,jaldrittmv@example.com,Female,157.112.134.19
825,Spencer,Vernay,svernaymw@cloudflare.com,Male,67.133.5.143
826,Bartie,Mowsley,bmowsleymx@soundcloud.com,Male,67.66.228.46
827,Ashla,Tills,atillsmy@hao123.com,Female,236.8.189.160
828,Christen,Kahan,ckahanmz@rambler.ru,Female,158.52.49.144
829,Dalila,Latehouse,dlatehousen0@imageshack.us,Female,219.91.198.136
830,Stafani,Guymer,sguymern1@tiny.cc,Female,68.196.134.72
831,Clemence,O'Keevan,cokeevann2@tinyurl.com,Female,255.75.30.104
832,Veriee,Spirit,vspiritn3@ed.gov,Female,144.222.105.129
833,Federica,Coniam,fconiamn4@dell.com,Female,16.70.204.124
834,Bond,Skaife d'Ingerthorpe,bskaifedingerthorpen5@java.com,Male,63.194.235.126
835,Page,Fewster,pfewstern6@unblog.fr,Male,0.49.1.143
836,Beatriz,Kettlesing,bkettlesingn7@lulu.com,Female,193.58.90.215
837,Brunhilde,Oxe,boxen8@slashdot.org,Female,249.137.7.130
838,Mose,Lockley,mlockleyn9@hatena.ne.jp,Male,95.239.29.145
839,Marita,Bedder,mbedderna@cisco.com,Female,136.172.11.109
840,Nixie,Dehmel,ndehmelnb@foxnews.com,Female,153.55.124.157
841,Edmund,Creebo,ecreebonc@pcworld.com,Male,236.18.89.186
842,Zack,Falkous,zfalkousnd@japanpost.jp,Male,112.141.75.203
843,Blisse,Buglass,bbuglassne@dedecms.com,Female,127.209.211.33
844,Humberto,Laybourn,hlaybournnf@nytimes.com,Male,246.48.69.111
845,Caryl,Rotte,crotteng@usda.gov,Female,229.187.227.156
846,Meir,Danshin,mdanshinnh@cloudflare.com,Male,106.225.144.9
847,Moore,Olpin,molpinni@reddit.com,Male,229.236.128.17
848,Saree,Coweuppe,scoweuppenj@google.com.au,Female,255.216.111.150
849,Ula,Polotti,upolottink@utexas.edu,Female,61.202.252.13
850,Ann-marie,Beardmore,abeardmorenl@t.co,Female,101.140.85.105
851,Cord,Ilyinski,cilyinskinm@pbs.org,Male,141.181.152.149
852,Elvera,Orts,eortsnn@imdb.com,Female,206.93.27.115
853,Fabian,Meenan,fmeenanno@go.com,Male,221.194.30.172
854,Westley,Sydes,wsydesnp@bigcartel.com,Non-binary,26.97.111.166
855,Holly-anne,Sanders,hsandersnq@theguardian.com,Female,76.119.59.247
856,Kev,Seviour,kseviournr@php.net,Male,66.45.68.25
857,Cecil,Juden,cjudenns@barnesandnoble.com,Male,191.114.133.23
858,Madelin,Cleave,mcleavent@yahoo.com,Female,227.241.29.105
859,Stanfield,Enden,sendennu@jugem.jp,Genderfluid,34.27.109.42
860,Vale,Ellins,vellinsnv@yellowbook.com,Male,1.105.248.19
861,Leland,Parmby,lparmbynw@thetimes.co.uk,Female,128.111.180.133
862,Matthaeus,Miell,mmiellnx@cargocollective.com,Male,146.149.135.113
863,Charin,Tompkinson,ctompkinsonny@scientificamerican.com,Female,156.83.143.235
864,Putnam,Shilstone,pshilstonenz@devhub.com,Male,107.150.101.81
865,Tobit,Strang,tstrango0@irs.gov,Genderfluid,103.76.253.208
866,Helena,Wiggans,hwigganso1@npr.org,Female,164.251.128.107
867,Reade,Obington,robingtono2@ebay.co.uk,Male,71.222.76.105
868,Sondra,Press,spresso3@dagondesign.com,Female,243.150.39.199
869,Gale,Bartoli,gbartolio4@drupal.org,Male,18.39.210.30
870,Duffy,Quincey,dquinceyo5@admin.ch,Male,165.69.20.203
871,Thaddeus,Reisenberg,treisenbergo6@t.co,Male,233.108.207.70
872,Moll,Studeart,mstudearto7@wikimedia.org,Female,222.6.245.100
873,Eve,Kruschov,ekruschovo8@purevolume.com,Non-binary,42.76.19.242
874,Julietta,Clayworth,jclaywortho9@issuu.com,Female,18.94.171.106
875,Witty,Gregorio,wgregoriooa@icq.com,Male,142.207.122.203
876,Bessy,Marzelli,bmarzelliob@wordpress.org,Female,8.132.27.198
877,Ilse,Adkins,iadkinsoc@cdc.gov,Female,195.42.222.86
878,Norton,Monro,nmonrood@squarespace.com,Male,126.53.186.147
879,Steffane,Chivers,schiversoe@sbwire.com,Female,148.154.89.64
880,Mateo,Hartle,mhartleof@moonfruit.com,Male,215.25.176.108
881,Bev,Weaben,bweabenog@1und1.de,Genderfluid,192.149.248.201
882,Marianne,Eger,megeroh@google.co.jp,Female,183.33.209.71
883,Tito,Harfoot,tharfootoi@wikimedia.org,Male,17.175.211.2
884,Klemens,Farnworth,kfarnworthoj@oaic.gov.au,Male,252.208.41.225
885,Manda,Persse,mpersseok@theatlantic.com,Female,6.63.130.108
886,Rodrique,Gisburn,rgisburnol@hp.com,Male,119.46.94.199
887,Padgett,Tainton,ptaintonom@netscape.com,Male,98.160.170.157
888,Jaimie,Trenbey,jtrenbeyon@so-net.ne.jp,Male,11.86.2.38
889,Biddy,Dorie,bdorieoo@nps.gov,Female,77.205.135.32
890,Ibrahim,Grinaway,igrinawayop@walmart.com,Male,108.104.250.110
891,Othilia,Mabbott,omabbottoq@youtube.com,Female,141.200.169.236
892,Lonny,Esley,lesleyor@google.it,Male,158.35.45.67
893,Adora,Twittey,atwitteyos@newsvine.com,Female,219.135.209.181
894,Craggie,Warsap,cwarsapot@jiathis.com,Male,197.190.31.26
895,Malinda,Wickins,mwickinsou@yahoo.com,Female,196.134.106.205
896,Currie,Elston,celstonov@rediff.com,Male,187.45.12.173
897,Tallia,Sudworth,tsudworthow@indiatimes.com,Female,26.67.136.226
898,Jeffy,Meeks,jmeeksox@ezinearticles.com,Genderfluid,119.188.114.234
899,Vivian,Finn,vfinnoy@cyberchimps.com,Non-binary,46.101.35.64
900,Nicolette,Matthaus,nmatthausoz@blogspot.com,Female,192.160.123.225
901,Leigh,Kershow,lkershowp0@i2i.jp,Male,135.80.249.231
902,Brunhilda,Arthars,bartharsp1@list-manage.com,Female,160.202.77.22
903,Neddy,Cudby,ncudbyp2@nsw.gov.au,Male,134.135.111.175
904,Taffy,Sebrens,tsebrensp3@census.gov,Female,199.208.18.104
905,Koren,Wilfinger,kwilfingerp4@merriam-webster.com,Female,187.203.207.85
906,Audra,Gauch,agauchp5@addthis.com,Female,169.56.223.97
907,Alric,Bartolomivis,abartolomivisp6@arizona.edu,Male,67.64.93.51
908,Clair,Moore,cmoorep7@auda.org.au,Male,12.1.52.220
909,Junia,Hatt,jhattp8@google.com,Female,104.94.138.83
910,Ilaire,Lethbridge,ilethbridgep9@xing.com,Male,71.128.75.66
911,Hendrika,Orwin,horwinpa@bing.com,Female,172.62.226.135
912,Dulciana,Rankmore,drankmorepb@wiley.com,Polygender,60.238.30.230
913,Mufinella,Sarfati,msarfatipc@cisco.com,Agender,209.135.66.0
914,Diahann,Stokoe,dstokoepd@friendfeed.com,Female,2.18.15.235
915,Barnabe,Hutchinges,bhutchingespe@gov.uk,Male,186.242.29.102
916,Roby,Grzeszczyk,rgrzeszczykpf@ning.com,Female,45.149.58.230
917,Barrie,Blasio,bblasiopg@w3.org,Male,227.11.238.87
918,Perry,Lodo,plodoph@aol.com,Female,190.194.30.159
919,Eydie,Keuning,ekeuningpi@ning.com,Genderqueer,255.238.23.83
920,Cal,Mc Kellen,cmckellenpj@arizona.edu,Male,7.255.188.220
921,Ezra,Skeath,eskeathpk@earthlink.net,Male,27.68.81.103
922,Gery,Skryne,gskrynepl@ucoz.ru,Male,55.225.250.137
923,Cris,Francom,cfrancompm@indiegogo.com,Male,95.189.230.20
924,Brier,Jacquemy,bjacquemypn@nature.com,Female,0.3.85.58
925,Devlin,Sutcliffe,dsutcliffepo@rediff.com,Polygender,180.236.170.182
926,Temp,Lintall,tlintallpp@usnews.com,Male,108.164.76.46
927,Gypsy,Juggins,gjugginspq@shareasale.com,Female,186.241.1.97
928,Dru,Petrus,dpetruspr@tuttocitta.it,Male,82.245.249.171
929,Emily,Brisland,ebrislandps@foxnews.com,Female,41.35.54.141
930,Cherish,Caddock,ccaddockpt@cisco.com,Female,40.190.199.106
931,Leta,Renals,lrenalspu@vinaora.com,Female,125.41.71.127
932,Mallorie,Lacelett,mlacelettpv@netvibes.com,Genderfluid,194.93.95.66
933,Marya,Perham,mperhampw@independent.co.uk,Female,62.219.149.182
934,Guy,Jore,gjorepx@addtoany.com,Male,225.162.0.213
935,Annalise,Martinon,amartinonpy@rakuten.co.jp,Female,22.121.150.40
936,Kelvin,Haselgrove,khaselgrovepz@nps.gov,Male,32.147.42.188
937,Corinne,Fransewich,cfransewichq0@examiner.com,Female,34.187.84.136
938,Zaccaria,Crossthwaite,zcrossthwaiteq1@linkedin.com,Male,54.150.156.252
939,Adriane,Minard,aminardq2@acquirethisname.com,Polygender,140.238.139.250
940,Nikki,Baradel,nbaradelq3@gizmodo.com,Female,117.203.178.221
941,Mareah,Currier,mcurrierq4@tmall.com,Female,190.195.186.82
942,Cal,Augar,caugarq5@techcrunch.com,Male,60.40.81.123
943,Rayna,Rampton,rramptonq6@cargocollective.com,Female,116.192.62.72
944,Way,Andrichuk,wandrichukq7@wsj.com,Male,84.230.3.41
945,Zeb,Magnar,zmagnarq8@studiopress.com,Male,101.214.255.159
946,Sorcha,Scrannage,sscrannageq9@japanpost.jp,Female,167.186.133.77
947,Isacco,Dommerque,idommerqueqa@psu.edu,Male,137.67.255.246
948,Chane,Durkin,cdurkinqb@vinaora.com,Male,62.67.73.67
949,Carey,Parr,cparrqc@theglobeandmail.com,Male,117.154.178.88
950,Bald,Haye,bhayeqd@wikimedia.org,Male,27.108.78.214
951,Berny,Coller,bcollerqe@seattletimes.com,Male,161.60.178.181
952,Paxon,Goldby,pgoldbyqf@privacy.gov.au,Male,117.197.230.61
953,Parsifal,Oldacre,poldacreqg@cafepress.com,Agender,175.187.184.62
954,Hunfredo,Dellar,hdellarqh@theglobeandmail.com,Male,18.99.53.241
955,Lindsey,Sandells,lsandellsqi@shinystat.com,Female,231.125.143.169
956,Jo,Vodden,jvoddenqj@csmonitor.com,Female,123.2.158.139
957,Ambur,Dalrymple,adalrympleqk@posterous.com,Female,57.191.142.194
958,Darlene,O Mullen,domullenql@google.cn,Female,200.22.130.133
959,Willabella,Clopton,wcloptonqm@npr.org,Female,251.100.159.152
960,Jone,Simonazzi,jsimonazziqn@google.pl,Non-binary,117.111.23.126
961,Dorie,Divina,ddivinaqo@wufoo.com,Bigender,83.60.119.66
962,Johnette,Weatherley,jweatherleyqp@indiegogo.com,Female,219.13.233.18
963,Travis,Esplin,tesplinqq@auda.org.au,Male,147.126.195.135
964,Bette-ann,Dimitriou,bdimitriouqr@elpais.com,Female,65.255.188.183
965,Eydie,Bragger,ebraggerqs@mac.com,Female,197.102.242.182
966,Maxie,Bracer,mbracerqt@utexas.edu,Male,31.55.37.208
967,Parsifal,Farn,pfarnqu@scribd.com,Male,108.44.101.218
968,Cullie,Bleyman,cbleymanqv@edublogs.org,Male,191.98.187.182
969,Glynnis,Burchill,gburchillqw@prnewswire.com,Female,199.12.89.62
970,Heather,Pierrepoint,hpierrepointqx@purevolume.com,Female,137.176.228.166
971,Joyann,Rubke,jrubkeqy@hc360.com,Female,47.49.34.109
972,Halli,Golightly,hgolightlyqz@adobe.com,Female,239.11.205.120
973,Cicily,Etchingham,cetchinghamr0@fc2.com,Female,204.102.28.28
974,Flem,Millichip,fmillichipr1@whitehouse.gov,Male,4.117.45.17
975,Graeme,Lauchlan,glauchlanr2@shutterfly.com,Male,73.17.47.140
976,Reed,Porcher,rporcherr3@bandcamp.com,Male,34.114.165.150
977,Cathee,Gerrelt,cgerreltr4@pcworld.com,Female,41.250.60.130
978,Curry,Pretti,cprettir5@wunderground.com,Male,236.176.8.111
979,Haley,Streeton,hstreetonr6@miitbeian.gov.cn,Male,18.187.220.18
980,Minnaminnie,Jeaneau,mjeaneaur7@altervista.org,Female,59.61.184.125
981,Giacinta,Humfrey,ghumfreyr8@spiegel.de,Female,201.248.184.195
982,Dominik,Davidow,ddavidowr9@furl.net,Male,80.60.24.8
983,Stillmann,Fritschel,sfritschelra@simplemachines.org,Male,103.67.96.197
984,Dell,Syplus,dsyplusrb@ed.gov,Male,238.8.5.185
985,Lou,Primak,lprimakrc@uiuc.edu,Female,141.10.7.182
986,Allina,Pavlik,apavlikrd@acquirethisname.com,Female,36.19.185.174
987,Allx,Jay,ajayre@pcworld.com,Female,229.46.236.137
988,Eachelle,L'Episcopi,elepiscopirf@telegraph.co.uk,Female,127.15.181.192
989,Jordon,Blackleech,jblackleechrg@oaic.gov.au,Male,67.51.206.232
990,Meggi,Tabram,mtabramrh@google.com.au,Female,116.101.141.106
991,Austine,Sawle,asawleri@slate.com,Female,70.51.139.59
992,Pernell,Chaize,pchaizerj@cbc.ca,Male,117.141.2.224
993,Emerson,De Angelis,edeangelisrk@surveymonkey.com,Male,232.38.88.120
994,Roland,Simes,rsimesrl@reddit.com,Male,58.49.79.92
995,Shem,Barbie,sbarbierm@go.com,Male,33.158.48.20
996,Kendall,Castri,kcastrirn@photobucket.com,Male,96.121.75.255
997,Bryce,Elam,belamro@fda.gov,Male,33.47.82.72
998,Dorothee,Doughton,ddoughtonrp@sphinn.com,Female,200.227.68.5
999,Trula,Shirland,tshirlandrq@lulu.com,Female,246.146.42.131
1000,Beck,Wogdon,bwogdonrr@irs.gov,Male,131.149.171.232
